pdb_id	s_ch	s_resi	s_ins	s_resn	s_ss8	s_rsa	s_phi	s_psi	s_a1	s_a2	s_a3	s_a4	s_a5	s_3di_state	s_3di_letter	t_ch	t_resi	t_ins	t_resn	t_ss8	t_rsa	t_phi	t_psi	t_a1	t_a2	t_a3	t_a4	t_a5	t_3di_state	t_3di_letter	Interaction
2fj8	A	5	 	R	-	0.226	-1.205	2.368	1.538	-0.055	1.502	0.44	2.897	13	N	A	60	 	G	-	0.286	1.45	-3.023	-0.384	1.652	1.33	1.045	2.064	6.0	G	
2fj8	A	79	 	P	S	0.051	-1.33	2.76	0.189	2.081	-1.628	0.421	-1.392	13	N	A	115	 	F	E	0.533	-1.569	1.937	-1.006	-0.59	1.891	-0.397	0.412	5.0	F	VDW
2fj8	A	26	 	M	-	0.245	-1.482	0.107	-0.663	-1.524	2.219	-1.005	1.212	13	N	A	48	 	R	E	0.089	-1.645	1.621	1.538	-0.055	1.502	0.44	2.897	14.0	O	HBOND
2fj8	A	64	 	R	S	0.077	-1.118	2.771	1.538	-0.055	1.502	0.44	2.897	2	C	A	94	 	T	T	0.366	-1.498	0.008	-0.032	0.326	2.213	0.908	1.313	11.0	L	
2fj8	A	87	 	E	-	0.237	-1.822	1.894	1.357	-1.453	1.477	0.113	-0.837	18	S	A	101	 	S	-	0.077	-1.438	2.405	-0.228	1.399	-4.76	0.67	-2.647	2.0	C	HBOND
2fj8	A	87	 	E	-	0.237	-1.822	1.894	1.357	-1.453	1.477	0.113	-0.837	18	S	A	101	 	S	-	0.077	-1.438	2.405	-0.228	1.399	-4.76	0.67	-2.647	2.0	C	VDW
2fj8	A	9	 	C	-	0.311	-2.668	2.753	-1.343	0.465	-0.862	-1.02	-0.255	0	A	A	63	 	C	S	0.259	-1.665	-0.713	-1.343	0.465	-0.862	-1.02	-0.255	13.0	N	SSBOND
2fj8	A	9	 	C	-	0.311	-2.668	2.753	-1.343	0.465	-0.862	-1.02	-0.255	0	A	A	63	 	C	S	0.259	-1.665	-0.713	-1.343	0.465	-0.862	-1.02	-0.255	13.0	N	VDW
2fj8	A	63	 	C	S	0.259	-1.665	-0.713	-1.343	0.465	-0.862	-1.02	-0.255	13	N	A	114	 	Y	E	0.261	-2.547	2.326	0.26	0.83	3.097	-0.838	1.512	2.0	C	VDW
2fj8	A	5	 	R	-	0.226	-1.205	2.368	1.538	-0.055	1.502	0.44	2.897	13	N	A	8	 	K	S	0.571	-1.561	-0.47	1.831	-0.561	0.533	-0.277	1.648	13.0	N	HBOND
2fj8	A	5	 	R	-	0.226	-1.205	2.368	1.538	-0.055	1.502	0.44	2.897	13	N	A	8	 	K	S	0.571	-1.561	-0.47	1.831	-0.561	0.533	-0.277	1.648	13.0	N	VDW
2fj8	A	74	 	C	E	0.319	-2.273	2.703	-1.343	0.465	-0.862	-1.02	-0.255	18	S	A	82	 	C	E	0.022	-2.244	2.656	-1.343	0.465	-0.862	-1.02	-0.255	7.0	H	SSBOND
2fj8	A	13	 	A	E	0.387	-1.46	2.123	-0.591	-1.302	-0.733	1.57	-0.146	18	S	A	24	 	T	E	0.296	-2.189	2.425	-0.032	0.326	2.213	0.908	1.313	2.0	C	
2fj8	A	72	 	A	E	0.368	-1.426	2.505	-0.591	-1.302	-0.733	1.57	-0.146	18	S	A	83	 	R	E	0.5	-2.177	2.87	1.538	-0.055	1.502	0.44	2.897	0.0	A	
2fj8	A	11	 	D	S	0.123	-1.369	-0.481	1.05	0.302	-3.656	-0.259	-3.242	9	J	A	64	 	R	S	0.077	-1.118	2.771	1.538	-0.055	1.502	0.44	2.897	2.0	C	HBOND
2fj8	A	11	 	D	S	0.123	-1.369	-0.481	1.05	0.302	-3.656	-0.259	-3.242	9	J	A	64	 	R	S	0.077	-1.118	2.771	1.538	-0.055	1.502	0.44	2.897	2.0	C	VDW
2fj8	A	16	 	T	-	0.465	-1.4	2.611	-0.032	0.326	2.213	0.908	1.313	2	C	A	21	 	P	-	0.199	-1.214	2.601	0.189	2.081	-1.628	0.421	-1.392	7.0	H	
2fj8	A	77	 	S	S	0.492	-1.224	2.864	-0.228	1.399	-4.76	0.67	-2.647	2	C	A	80	 	P	P	0.066	-1.467	2.989	0.189	2.081	-1.628	0.421	-1.392	16.0	Q	VDW
2fj8	A	11	 	D	S	0.123	-1.369	-0.481	1.05	0.302	-3.656	-0.259	-3.242	9	J	A	63	 	C	S	0.259	-1.665	-0.713	-1.343	0.465	-0.862	-1.02	-0.255	13.0	N	HBOND
2fj8	A	11	 	D	S	0.123	-1.369	-0.481	1.05	0.302	-3.656	-0.259	-3.242	9	J	A	63	 	C	S	0.259	-1.665	-0.713	-1.343	0.465	-0.862	-1.02	-0.255	13.0	N	VDW
2fj8	A	43	 	M	T	0.761	0.92	0.495	-0.663	-1.524	2.219	-1.005	1.212	12	M	A	48	 	R	E	0.089	-1.645	1.621	1.538	-0.055	1.502	0.44	2.897	14.0	O	
2fj8	A	81	 	T	E	0.324	-1.779	2.28	-0.032	0.326	2.213	0.908	1.313	8	I	A	113	 	S	-	0.646	-1.855	2.543	-0.228	1.399	-4.76	0.67	-2.647	7.0	H	
2fj8	A	73	 	I	E	0.456	-2.261	2.039	-1.239	-0.547	2.131	0.393	0.816	2	C	A	82	 	C	E	0.022	-2.244	2.656	-1.343	0.465	-0.862	-1.02	-0.255	7.0	H	
2fj8	A	65	 	P	S	0.029	-1.436	0.085	0.189	2.081	-1.628	0.421	-1.392	4	E	A	112	 	D	-	0.153	-1.06	2.61	1.05	0.302	-3.656	-0.259	-3.242	2.0	C	
2fj8	A	38	 	S	-	0.415	-2.729	2.466	-0.228	1.399	-4.76	0.67	-2.647	2	C	A	53	 	D	-	0.153	-1.093	2.36	1.05	0.302	-3.656	-0.259	-3.242	2.0	C	HBOND
2fj8	A	97	 	T	-	0.401	-2.27	1.919	-0.032	0.326	2.213	0.908	1.313	2	C	A	112	 	D	-	0.153	-1.06	2.61	1.05	0.302	-3.656	-0.259	-3.242	2.0	C	HBOND
2fj8	A	67	 	E	S	0.598	-1.128	-0.648	1.357	-1.453	1.477	0.113	-0.837	13	N	A	120	 	P	P	0.441	-1.118	2.641	0.189	2.081	-1.628	0.421	-1.392	6.0	G	
2fj8	A	40	 	G	E	0.048	-3.001	-3.1	-0.384	1.652	1.33	1.045	2.064	0	A	A	50	 	I	E	0.071	-2.321	2.914	-1.239	-0.547	2.131	0.393	0.816	2.0	C	HBOND
2fj8	A	55	 	Y	E	0.257	-2.13	2.454	0.26	0.83	3.097	-0.838	1.512	2	C	A	58	 	D	-	0.663	-0.977	2.248	1.05	0.302	-3.656	-0.259	-3.242	2.0	C	
2fj8	A	39	 	C	E	0.126	-1.898	2.717	-1.343	0.465	-0.862	-1.02	-0.255	8	I	A	49	 	R	E	0.379	-1.641	2.532	1.538	-0.055	1.502	0.44	2.897	7.0	H	VDW
2fj8	A	14	 	V	E	0.669	-1.805	1.916	-1.337	-0.279	-0.544	1.242	-1.262	2	C	A	23	 	C	E	0.007	-2.295	2.573	-1.343	0.465	-0.862	-1.02	-0.255	16.0	Q	
2fj8	A	7	 	W	-	0.075	-2.473	2.715	-0.595	0.009	0.672	-2.128	-0.184	2	C	A	25	 	C	E	0.052	-1.755	1.953	-1.343	0.465	-0.862	-1.02	-0.255	5.0	F	VDW
2fj8	A	12	 	E	S	0.33	-2.28	1.115	1.357	-1.453	1.477	0.113	-0.837	0	A	A	26	 	M	-	0.245	-1.482	0.107	-0.663	-1.524	2.219	-1.005	1.212	13.0	N	HBOND
2fj8	A	12	 	E	S	0.33	-2.28	1.115	1.357	-1.453	1.477	0.113	-0.837	0	A	A	27	 	D	-	0.147	-1.06	2.31	1.05	0.302	-3.656	-0.259	-3.242	4.0	E	HBOND
2fj8	A	87	 	E	-	0.237	-1.822	1.894	1.357	-1.453	1.477	0.113	-0.837	18	S	A	107	 	R	-	0.226	-1.978	2.939	1.538	-0.055	1.502	0.44	2.897	16.0	Q	HBOND
2fj8	A	87	 	E	-	0.237	-1.822	1.894	1.357	-1.453	1.477	0.113	-0.837	18	S	A	107	 	R	-	0.226	-1.978	2.939	1.538	-0.055	1.502	0.44	2.897	16.0	Q	VDW
2fj8	A	71	 	K	S	0.551	-2.236	1.167	1.831	-0.561	0.533	-0.277	1.648	0	A	A	85	 	V	-	0.394	-1.863	0.365	-1.337	-0.279	-0.544	1.242	-1.262	0.0	A	HBOND
2fj8	A	71	 	K	S	0.551	-2.236	1.167	1.831	-0.561	0.533	-0.277	1.648	0	A	A	85	 	V	-	0.394	-1.863	0.365	-1.337	-0.279	-0.544	1.242	-1.262	0.0	A	VDW
2fj8	A	96	 	K	S	0.883	-1.38	-0.721	1.831	-0.561	0.533	-0.277	1.648	12	M	A	112	 	D	-	0.153	-1.06	2.61	1.05	0.302	-3.656	-0.259	-3.242	2.0	C	HBOND
2fj8	A	96	 	K	S	0.883	-1.38	-0.721	1.831	-0.561	0.533	-0.277	1.648	12	M	A	112	 	D	-	0.153	-1.06	2.61	1.05	0.302	-3.656	-0.259	-3.242	2.0	C	VDW
2fj8	A	11	 	D	S	0.123	-1.369	-0.481	1.05	0.302	-3.656	-0.259	-3.242	9	J	A	114	 	Y	E	0.261	-2.547	2.326	0.26	0.83	3.097	-0.838	1.512	2.0	C	HBOND
2fj8	A	75	 	T	-	0.535	-1.32	-3.125	-0.032	0.326	2.213	0.908	1.313	2	C	A	81	 	T	E	0.324	-1.779	2.28	-0.032	0.326	2.213	0.908	1.313	8.0	I	HBOND
2fj8	A	32	 	C	-	0.415	-1.31	2.124	-1.343	0.465	-0.862	-1.02	-0.255	14	O	A	39	 	C	E	0.126	-1.898	2.717	-1.343	0.465	-0.862	-1.02	-0.255	8.0	I	SSBOND
2fj8	A	73	 	I	E	0.456	-2.261	2.039	-1.239	-0.547	2.131	0.393	0.816	2	C	A	83	 	R	E	0.5	-2.177	2.87	1.538	-0.055	1.502	0.44	2.897	0.0	A	HBOND
2fj8	A	82	 	C	E	0.022	-2.244	2.656	-1.343	0.465	-0.862	-1.02	-0.255	7	H	A	113	 	S	-	0.646	-1.855	2.543	-0.228	1.399	-4.76	0.67	-2.647	7.0	H	
2fj8	A	81	 	T	E	0.324	-1.779	2.28	-0.032	0.326	2.213	0.908	1.313	8	I	A	114	 	Y	E	0.261	-2.547	2.326	0.26	0.83	3.097	-0.838	1.512	2.0	C	
2fj8	A	65	 	P	S	0.029	-1.436	0.085	0.189	2.081	-1.628	0.421	-1.392	4	E	A	92	 	A	-	0.245	-1.083	2.627	-0.591	-1.302	-0.733	1.57	-0.146	2.0	C	
2fj8	A	40	 	G	E	0.048	-3.001	-3.1	-0.384	1.652	1.33	1.045	2.064	0	A	A	52	 	Q	-	0.455	-1.462	-0.195	0.931	-0.179	-3.005	-0.503	-1.853	5.0	F	VDW
2fj8	A	69	 	C	-	0.037	-2.588	2.202	-1.343	0.465	-0.862	-1.02	-0.255	0	A	A	120	 	P	P	0.441	-1.118	2.641	0.189	2.081	-1.628	0.421	-1.392	6.0	G	HBOND
2fj8	A	69	 	C	-	0.037	-2.588	2.202	-1.343	0.465	-0.862	-1.02	-0.255	0	A	A	122	 	C	-	0.437	-1.341	-0.691	-1.343	0.465	-0.862	-1.02	-0.255	12.0	M	
2fj8	A	14	 	V	E	0.669	-1.805	1.916	-1.337	-0.279	-0.544	1.242	-1.262	2	C	A	24	 	T	E	0.296	-2.189	2.425	-0.032	0.326	2.213	0.908	1.313	2.0	C	HBOND
2fj8	A	21	 	P	-	0.199	-1.214	2.601	0.189	2.081	-1.628	0.421	-1.392	7	H	A	56	 	V	E	0.592	-1.952	2.044	-1.337	-0.279	-0.544	1.242	-1.262	16.0	Q	
2fj8	A	99	 	L	E	0.537	-2.28	2.689	-1.019	-0.987	-1.505	1.266	-0.912	0	A	A	109	 	V	E	0.218	-2.254	2.33	-1.337	-0.279	-0.544	1.242	-1.262	5.0	F	HBOND
2fj8	A	11	 	D	S	0.123	-1.369	-0.481	1.05	0.302	-3.656	-0.259	-3.242	9	J	A	27	 	D	-	0.147	-1.06	2.31	1.05	0.302	-3.656	-0.259	-3.242	4.0	E	HBOND
2fj8	A	11	 	D	S	0.123	-1.369	-0.481	1.05	0.302	-3.656	-0.259	-3.242	9	J	A	27	 	D	-	0.147	-1.06	2.31	1.05	0.302	-3.656	-0.259	-3.242	4.0	E	VDW
2fj8	A	26	 	M	-	0.245	-1.482	0.107	-0.663	-1.524	2.219	-1.005	1.212	13	N	A	50	 	I	E	0.071	-2.321	2.914	-1.239	-0.547	2.131	0.393	0.816	2.0	C	
2fj8	A	9	 	C	-	0.311	-2.668	2.753	-1.343	0.465	-0.862	-1.02	-0.255	0	A	A	61	 	P	-	0.551	-1.322	2.88	0.189	2.081	-1.628	0.421	-1.392	6.0	G	VDW
2fj8	A	88	 	V	B	0.317	-2.04	2.759	-1.337	-0.279	-0.544	1.242	-1.262	0	A	A	107	 	R	-	0.226	-1.978	2.939	1.538	-0.055	1.502	0.44	2.897	16.0	Q	VDW
2fj8	A	23	 	C	E	0.007	-2.295	2.573	-1.343	0.465	-0.862	-1.02	-0.255	16	Q	A	54	 	Q	E	0.687	-1.492	2.382	0.931	-0.179	-3.005	-0.503	-1.853	7.0	H	
2fj8	A	23	 	C	E	0.007	-2.295	2.573	-1.343	0.465	-0.862	-1.02	-0.255	16	Q	A	55	 	Y	E	0.257	-2.13	2.454	0.26	0.83	3.097	-0.838	1.512	2.0	C	HBOND
2fj8	A	68	 	C	-	0.193	-2.662	2.871	-1.343	0.465	-0.862	-1.02	-0.255	0	A	A	120	 	P	P	0.441	-1.118	2.641	0.189	2.081	-1.628	0.421	-1.392	6.0	G	
2fj8	A	68	 	C	-	0.193	-2.662	2.871	-1.343	0.465	-0.862	-1.02	-0.255	0	A	A	122	 	C	-	0.437	-1.341	-0.691	-1.343	0.465	-0.862	-1.02	-0.255	12.0	M	SSBOND
2fj8	A	68	 	C	-	0.193	-2.662	2.871	-1.343	0.465	-0.862	-1.02	-0.255	0	A	A	122	 	C	-	0.437	-1.341	-0.691	-1.343	0.465	-0.862	-1.02	-0.255	12.0	M	VDW
2fj8	A	36	 	C	-	0.089	-1.67	2.346	-1.343	0.465	-0.862	-1.02	-0.255	0	A	A	51	 	C	E	0.059	-1.265	2.125	-1.343	0.465	-0.862	-1.02	-0.255	14.0	O	SSBOND
2fj8	A	36	 	C	-	0.089	-1.67	2.346	-1.343	0.465	-0.862	-1.02	-0.255	0	A	A	51	 	C	E	0.059	-1.265	2.125	-1.343	0.465	-0.862	-1.02	-0.255	14.0	O	VDW
2fj8	A	98	 	C	E	0.281	-2.025	2.311	-1.343	0.465	-0.862	-1.02	-0.255	8	I	A	109	 	V	E	0.218	-2.254	2.33	-1.337	-0.279	-0.544	1.242	-1.262	5.0	F	
2fj8	A	42	 	S	E	0.085	-2.697	2.764	-0.228	1.399	-4.76	0.67	-2.647	2	C	A	48	 	R	E	0.089	-1.645	1.621	1.538	-0.055	1.502	0.44	2.897	14.0	O	HBOND
2fj8	A	42	 	S	E	0.085	-2.697	2.764	-0.228	1.399	-4.76	0.67	-2.647	2	C	A	48	 	R	E	0.089	-1.645	1.621	1.538	-0.055	1.502	0.44	2.897	14.0	O	VDW
2fj8	A	82	 	C	E	0.022	-2.244	2.656	-1.343	0.465	-0.862	-1.02	-0.255	7	H	A	114	 	Y	E	0.261	-2.547	2.326	0.26	0.83	3.097	-0.838	1.512	2.0	C	HBOND
2fj8	A	20	 	P	S	0.5	-1.428	2.892	0.189	2.081	-1.628	0.421	-1.392	4	E	A	56	 	V	E	0.592	-1.952	2.044	-1.337	-0.279	-0.544	1.242	-1.262	16.0	Q	VDW
2fj8	A	40	 	G	E	0.048	-3.001	-3.1	-0.384	1.652	1.33	1.045	2.064	0	A	A	49	 	R	E	0.379	-1.641	2.532	1.538	-0.055	1.502	0.44	2.897	7.0	H	VDW
2fj8	A	10	 	C	-	0.037	-2.602	2.136	-1.343	0.465	-0.862	-1.02	-0.255	0	A	A	61	 	P	-	0.551	-1.322	2.88	0.189	2.081	-1.628	0.421	-1.392	6.0	G	HBOND
2fj8	A	104	 	R	S	0.448	-2.14	1.469	1.538	-0.055	1.502	0.44	2.897	12	M	A	107	 	R	-	0.226	-1.978	2.939	1.538	-0.055	1.502	0.44	2.897	16.0	Q	HBOND
2fj8	A	69	 	C	-	0.037	-2.588	2.202	-1.343	0.465	-0.862	-1.02	-0.255	0	A	A	121	 	R	P	0.714	-1.191	2.578	1.538	-0.055	1.502	0.44	2.897	6.0	G	
2fj8	A	101	 	S	-	0.077	-1.438	2.405	-0.228	1.399	-4.76	0.67	-2.647	2	C	A	107	 	R	-	0.226	-1.978	2.939	1.538	-0.055	1.502	0.44	2.897	16.0	Q	HBOND
2fj8	A	101	 	S	-	0.077	-1.438	2.405	-0.228	1.399	-4.76	0.67	-2.647	2	C	A	107	 	R	-	0.226	-1.978	2.939	1.538	-0.055	1.502	0.44	2.897	16.0	Q	VDW
2fj8	A	66	 	W	-	0.079	-2.601	2.353	-0.595	0.009	0.672	-2.128	-0.184	0	A	A	69	 	C	-	0.037	-2.588	2.202	-1.343	0.465	-0.862	-1.02	-0.255	0.0	A	VDW
2fj8	A	21	 	P	-	0.199	-1.214	2.601	0.189	2.081	-1.628	0.421	-1.392	7	H	A	57	 	G	S	0.131	2.428	3.008	-0.384	1.652	1.33	1.045	2.064	5.0	F	HBOND
2fj8	A	64	 	R	S	0.077	-1.118	2.771	1.538	-0.055	1.502	0.44	2.897	2	C	A	114	 	Y	E	0.261	-2.547	2.326	0.26	0.83	3.097	-0.838	1.512	2.0	C	VDW
2fj8	A	42	 	S	E	0.085	-2.697	2.764	-0.228	1.399	-4.76	0.67	-2.647	2	C	A	45	 	D	E	0.38	-1.952	1.92	1.05	0.302	-3.656	-0.259	-3.242	2.0	C	HBOND
2fj8	A	42	 	S	E	0.085	-2.697	2.764	-0.228	1.399	-4.76	0.67	-2.647	2	C	A	45	 	D	E	0.38	-1.952	1.92	1.05	0.302	-3.656	-0.259	-3.242	2.0	C	VDW
2fj8	A	37	 	K	S	0.863	-1.252	-0.713	1.831	-0.561	0.533	-0.277	1.648	12	M	A	53	 	D	-	0.153	-1.093	2.36	1.05	0.302	-3.656	-0.259	-3.242	2.0	C	HBOND
2fj8	A	37	 	K	S	0.863	-1.252	-0.713	1.831	-0.561	0.533	-0.277	1.648	12	M	A	53	 	D	-	0.153	-1.093	2.36	1.05	0.302	-3.656	-0.259	-3.242	2.0	C	VDW
2fj8	A	10	 	C	-	0.037	-2.602	2.136	-1.343	0.465	-0.862	-1.02	-0.255	0	A	A	25	 	C	E	0.052	-1.755	1.953	-1.343	0.465	-0.862	-1.02	-0.255	5.0	F	SSBOND
2fj8	A	10	 	C	-	0.037	-2.602	2.136	-1.343	0.465	-0.862	-1.02	-0.255	0	A	A	25	 	C	E	0.052	-1.755	1.953	-1.343	0.465	-0.862	-1.02	-0.255	5.0	F	VDW
2fj8	A	41	 	P	E	0.566	-1.217	2.95	0.189	2.081	-1.628	0.421	-1.392	2	C	A	48	 	R	E	0.089	-1.645	1.621	1.538	-0.055	1.502	0.44	2.897	14.0	O	
2fj8	A	69	 	C	-	0.037	-2.588	2.202	-1.343	0.465	-0.862	-1.02	-0.255	0	A	A	84	 	C	E	0.037	-2.213	2.211	-1.343	0.465	-0.862	-1.02	-0.255	6.0	G	SSBOND
2fj8	A	10	 	C	-	0.037	-2.602	2.136	-1.343	0.465	-0.862	-1.02	-0.255	0	A	A	27	 	D	-	0.147	-1.06	2.31	1.05	0.302	-3.656	-0.259	-3.242	4.0	E	
2fj8	A	74	 	C	E	0.319	-2.273	2.703	-1.343	0.465	-0.862	-1.02	-0.255	18	S	A	81	 	T	E	0.324	-1.779	2.28	-0.032	0.326	2.213	0.908	1.313	8.0	I	VDW
2fj8	A	7	 	W	-	0.075	-2.473	2.715	-0.595	0.009	0.672	-2.128	-0.184	2	C	A	59	 	P	-	0.176	-1.284	-0.179	0.189	2.081	-1.628	0.421	-1.392	14.0	O	HBOND
2fj8	A	70	 	D	S	0.362	-1.476	-0.362	1.05	0.302	-3.656	-0.259	-3.242	13	N	A	86	 	D	-	0.141	-1.035	2.512	1.05	0.302	-3.656	-0.259	-3.242	2.0	C	HBOND
2fj8	A	99	 	L	E	0.537	-2.28	2.689	-1.019	-0.987	-1.505	1.266	-0.912	0	A	A	108	 	R	E	0.415	-2.354	2.82	1.538	-0.055	1.502	0.44	2.897	7.0	H	
2fj8	A	66	 	W	-	0.079	-2.601	2.353	-0.595	0.009	0.672	-2.128	-0.184	0	A	A	84	 	C	E	0.037	-2.213	2.211	-1.343	0.465	-0.862	-1.02	-0.255	6.0	G	
2fj8	A	10	 	C	-	0.037	-2.602	2.136	-1.343	0.465	-0.862	-1.02	-0.255	0	A	A	62	 	I	-	0.254	-1.206	2.86	-1.239	-0.547	2.131	0.393	0.816	6.0	G	
2fj8	A	101	 	S	-	0.077	-1.438	2.405	-0.228	1.399	-4.76	0.67	-2.647	2	C	A	104	 	R	S	0.448	-2.14	1.469	1.538	-0.055	1.502	0.44	2.897	12.0	M	HBOND
2fj8	A	71	 	K	S	0.551	-2.236	1.167	1.831	-0.561	0.533	-0.277	1.648	0	A	A	86	 	D	-	0.141	-1.035	2.512	1.05	0.302	-3.656	-0.259	-3.242	2.0	C	HBOND
2fj8	A	71	 	K	S	0.551	-2.236	1.167	1.831	-0.561	0.533	-0.277	1.648	0	A	A	86	 	D	-	0.141	-1.035	2.512	1.05	0.302	-3.656	-0.259	-3.242	2.0	C	VDW
2fj8	A	87	 	E	-	0.237	-1.822	1.894	1.357	-1.453	1.477	0.113	-0.837	18	S	A	108	 	R	E	0.415	-2.354	2.82	1.538	-0.055	1.502	0.44	2.897	7.0	H	
2fj8	A	29	 	V	-	0.19	-2.094	2.635	-1.337	-0.279	-0.544	1.242	-1.262	2	C	A	49	 	R	E	0.379	-1.641	2.532	1.538	-0.055	1.502	0.44	2.897	7.0	H	HBOND
2fj8	A	64	 	R	S	0.077	-1.118	2.771	1.538	-0.055	1.502	0.44	2.897	2	C	A	67	 	E	S	0.598	-1.128	-0.648	1.357	-1.453	1.477	0.113	-0.837	13.0	N	HBOND
2fj8	A	64	 	R	S	0.077	-1.118	2.771	1.538	-0.055	1.502	0.44	2.897	2	C	A	67	 	E	S	0.598	-1.128	-0.648	1.357	-1.453	1.477	0.113	-0.837	13.0	N	VDW
2fj8	A	80	 	P	P	0.066	-1.467	2.989	0.189	2.081	-1.628	0.421	-1.392	16	Q	A	115	 	F	E	0.533	-1.569	1.937	-1.006	-0.59	1.891	-0.397	0.412	5.0	F	
2fj8	A	33	 	P	-	0.338	-1.019	2.536	0.189	2.081	-1.628	0.421	-1.392	2	C	A	36	 	C	-	0.089	-1.67	2.346	-1.343	0.465	-0.862	-1.02	-0.255	0.0	A	HBOND
2fj8	A	6	 	P	S	0.051	-1.296	-0.104	0.189	2.081	-1.628	0.421	-1.392	9	J	A	35	 	T	T	0.331	-1.365	-0.177	-0.032	0.326	2.213	0.908	1.313	15.0	P	
2fj8	A	15	 	C	E	0.4	-2.214	2.641	-1.343	0.465	-0.862	-1.02	-0.255	18	S	A	22	 	I	E	0.402	-1.853	2.153	-1.239	-0.547	2.131	0.393	0.816	18.0	S	
2fj8	A	38	 	S	-	0.415	-2.729	2.466	-0.228	1.399	-4.76	0.67	-2.647	2	C	A	52	 	Q	-	0.455	-1.462	-0.195	0.931	-0.179	-3.005	-0.503	-1.853	5.0	F	HBOND
2fj8	A	38	 	S	-	0.415	-2.729	2.466	-0.228	1.399	-4.76	0.67	-2.647	2	C	A	52	 	Q	-	0.455	-1.462	-0.195	0.931	-0.179	-3.005	-0.503	-1.853	5.0	F	VDW
2fj8	A	15	 	C	E	0.4	-2.214	2.641	-1.343	0.465	-0.862	-1.02	-0.255	18	S	A	23	 	C	E	0.007	-2.295	2.573	-1.343	0.465	-0.862	-1.02	-0.255	16.0	Q	SSBOND
2fj8	A	15	 	C	E	0.4	-2.214	2.641	-1.343	0.465	-0.862	-1.02	-0.255	18	S	A	23	 	C	E	0.007	-2.295	2.573	-1.343	0.465	-0.862	-1.02	-0.255	16.0	Q	VDW
2fj8	A	98	 	C	E	0.281	-2.025	2.311	-1.343	0.465	-0.862	-1.02	-0.255	8	I	A	108	 	R	E	0.415	-2.354	2.82	1.538	-0.055	1.502	0.44	2.897	7.0	H	
2fj8	A	45	 	D	E	0.38	-1.952	1.92	1.05	0.302	-3.656	-0.259	-3.242	2	C	A	48	 	R	E	0.089	-1.645	1.621	1.538	-0.055	1.502	0.44	2.897	14.0	O	HBOND
2fj8	A	92	 	A	-	0.245	-1.083	2.627	-0.591	-1.302	-0.733	1.57	-0.146	2	C	A	95	 	C	-	0.133	-1.384	2.238	-1.343	0.465	-0.862	-1.02	-0.255	13.0	N	HBOND
2fj8	A	92	 	A	-	0.245	-1.083	2.627	-0.591	-1.302	-0.733	1.57	-0.146	2	C	A	95	 	C	-	0.133	-1.384	2.238	-1.343	0.465	-0.862	-1.02	-0.255	13.0	N	VDW
2fj8	A	18	 	S	S	0.354	-2.57	2.795	-0.228	1.399	-4.76	0.67	-2.647	2	C	A	21	 	P	-	0.199	-1.214	2.601	0.189	2.081	-1.628	0.421	-1.392	7.0	H	VDW
2fj8	A	97	 	T	-	0.401	-2.27	1.919	-0.032	0.326	2.213	0.908	1.313	2	C	A	111	 	I	-	0.568	-1.735	0.128	-1.239	-0.547	2.131	0.393	0.816	5.0	F	HBOND
2fj8	A	95	 	C	-	0.133	-1.384	2.238	-1.343	0.465	-0.862	-1.02	-0.255	13	N	A	110	 	C	E	0.059	-1.535	2.193	-1.343	0.465	-0.862	-1.02	-0.255	14.0	O	SSBOND
2fj8	A	95	 	C	-	0.133	-1.384	2.238	-1.343	0.465	-0.862	-1.02	-0.255	13	N	A	110	 	C	E	0.059	-1.535	2.193	-1.343	0.465	-0.862	-1.02	-0.255	14.0	O	VDW
2fj8	A	28	 	E	B	0.232	-1.197	2.369	1.357	-1.453	1.477	0.113	-0.837	4	E	A	49	 	R	E	0.379	-1.641	2.532	1.538	-0.055	1.502	0.44	2.897	7.0	H	VDW
2fj8	A	10	 	C	-	0.037	-2.602	2.136	-1.343	0.465	-0.862	-1.02	-0.255	0	A	A	13	 	A	E	0.387	-1.46	2.123	-0.591	-1.302	-0.733	1.57	-0.146	18.0	S	
2fj8	A	16	 	T	-	0.465	-1.4	2.611	-0.032	0.326	2.213	0.908	1.313	2	C	A	22	 	I	E	0.402	-1.853	2.153	-1.239	-0.547	2.131	0.393	0.816	18.0	S	HBOND
2fj8	A	16	 	T	-	0.465	-1.4	2.611	-0.032	0.326	2.213	0.908	1.313	2	C	A	22	 	I	E	0.402	-1.853	2.153	-1.239	-0.547	2.131	0.393	0.816	18.0	S	VDW
2fj8	A	5	 	R	-	0.226	-1.205	2.368	1.538	-0.055	1.502	0.44	2.897	13	N	A	58	 	D	-	0.663	-0.977	2.248	1.05	0.302	-3.656	-0.259	-3.242	2.0	C	HBOND
2fj8	A	91	 	C	-	0.119	-1.191	2.699	-1.343	0.465	-0.862	-1.02	-0.255	16	Q	A	98	 	C	E	0.281	-2.025	2.311	-1.343	0.465	-0.862	-1.02	-0.255	8.0	I	SSBOND
2fj8	A	91	 	C	-	0.119	-1.191	2.699	-1.343	0.465	-0.862	-1.02	-0.255	16	Q	A	98	 	C	E	0.281	-2.025	2.311	-1.343	0.465	-0.862	-1.02	-0.255	8.0	I	VDW
2fj8	A	70	 	D	S	0.362	-1.476	-0.362	1.05	0.302	-3.656	-0.259	-3.242	13	N	A	122	 	C	-	0.437	-1.341	-0.691	-1.343	0.465	-0.862	-1.02	-0.255	12.0	M	HBOND
2fj8	A	70	 	D	S	0.362	-1.476	-0.362	1.05	0.302	-3.656	-0.259	-3.242	13	N	A	122	 	C	-	0.437	-1.341	-0.691	-1.343	0.465	-0.862	-1.02	-0.255	12.0	M	VDW
2fj8	A	88	 	V	B	0.317	-2.04	2.759	-1.337	-0.279	-0.544	1.242	-1.262	0	A	A	108	 	R	E	0.415	-2.354	2.82	1.538	-0.055	1.502	0.44	2.897	7.0	H	HBOND
2fj8	A	88	 	V	B	0.317	-2.04	2.759	-1.337	-0.279	-0.544	1.242	-1.262	0	A	A	108	 	R	E	0.415	-2.354	2.82	1.538	-0.055	1.502	0.44	2.897	7.0	H	VDW
2fj8	A	39	 	C	E	0.126	-1.898	2.717	-1.343	0.465	-0.862	-1.02	-0.255	8	I	A	50	 	I	E	0.071	-2.321	2.914	-1.239	-0.547	2.131	0.393	0.816	2.0	C	
2fj8	A	80	 	P	P	0.066	-1.467	2.989	0.189	2.081	-1.628	0.421	-1.392	16	Q	A	116	 	G	S	0.06	2.959	2.972	-0.384	1.652	1.33	1.045	2.064	5.0	F	HBOND
2fj8	A	75	 	T	-	0.535	-1.32	-3.125	-0.032	0.326	2.213	0.908	1.313	2	C	A	80	 	P	P	0.066	-1.467	2.989	0.189	2.081	-1.628	0.421	-1.392	16.0	Q	
2fj8	A	6	 	P	S	0.051	-1.296	-0.104	0.189	2.081	-1.628	0.421	-1.392	9	J	A	53	 	D	-	0.153	-1.093	2.36	1.05	0.302	-3.656	-0.259	-3.242	2.0	C	
2fj8	A	95	 	C	-	0.133	-1.384	2.238	-1.343	0.465	-0.862	-1.02	-0.255	13	N	A	112	 	D	-	0.153	-1.06	2.61	1.05	0.302	-3.656	-0.259	-3.242	2.0	C	VDW
2fj8	A	84	 	C	E	0.037	-2.213	2.211	-1.343	0.465	-0.862	-1.02	-0.255	6	G	A	110	 	C	E	0.059	-1.535	2.193	-1.343	0.465	-0.862	-1.02	-0.255	14.0	O	
2fj8	A	69	 	C	-	0.037	-2.588	2.202	-1.343	0.465	-0.862	-1.02	-0.255	0	A	A	86	 	D	-	0.141	-1.035	2.512	1.05	0.302	-3.656	-0.259	-3.242	2.0	C	
2fj8	A	22	 	I	E	0.402	-1.853	2.153	-1.239	-0.547	2.131	0.393	0.816	18	S	A	54	 	Q	E	0.687	-1.492	2.382	0.931	-0.179	-3.005	-0.503	-1.853	7.0	H	
2fj8	A	12	 	E	S	0.33	-2.28	1.115	1.357	-1.453	1.477	0.113	-0.837	0	A	A	48	 	R	E	0.089	-1.645	1.621	1.538	-0.055	1.502	0.44	2.897	14.0	O	HBOND
2fj8	A	42	 	S	E	0.085	-2.697	2.764	-0.228	1.399	-4.76	0.67	-2.647	2	C	A	50	 	I	E	0.071	-2.321	2.914	-1.239	-0.547	2.131	0.393	0.816	2.0	C	
2fj8	A	27	 	D	-	0.147	-1.06	2.31	1.05	0.302	-3.656	-0.259	-3.242	4	E	A	50	 	I	E	0.071	-2.321	2.914	-1.239	-0.547	2.131	0.393	0.816	2.0	C	
2fj8	A	70	 	D	S	0.362	-1.476	-0.362	1.05	0.302	-3.656	-0.259	-3.242	13	N	A	123	 	T	-	0.845	-1.847		-0.032	0.326	2.213	0.908	1.313			HBOND
